{"cameraMode":{"drawMode":0,"name":"Shaded","section":"Shading Mode"},"sceneLighting":true,"audioPlay":false,"sceneViewState":{"showFog":true,"showMaterialUpdate":false,"showSkybox":true,"showFlares":true,"showImageEffects":true,"showParticleSystems":true,"showVisualEffectGraphs":true,"m_FxEnabled":true},"in2DMode":false,"pivot":{"x":912.6372680664063,"y":506.77349853515627,"z":286.5059509277344},"rotation":{"x":0.008690248243510723,"y":0.006596494000405073,"z":0.00005587316627497785,"w":-0.9999563694000244},"size":676.2183837890625,"orthographic":false}